{"metadata":{"usedHelpers":[],"marked":[],"modules":{"imports":[{"source":"meteor/meteor","imported":["Meteor"],"specifiers":[{"kind":"named","imported":"Meteor","local":"Meteor"}]}],"exports":{"exported":[],"specifiers":[]}}},"options":{"filename":"/server/publish - Copy.js","filenameRelative":"/server/publish - Copy.js","env":{"development":{"plugins":[]}},"retainLines":false,"highlightCode":true,"suppressDeprecationMessages":false,"presets":[],"plugins":[[[],{"polyfill":false}],[[],null],[[],null],[[],null],[[],null],[[],null],[[],null],[[],null],[[],null],[[],null],[[],null],[[],null],[[],null],[[],null],[[],null],[[],null],[[],{"loose":true}],[[],{"loose":true}],[[],null],[[],{"loose":true}],[[],null],[[],null],[[],null],[[],null],[[],null],[[],null],[[],null],[[],{"loose":true}],[[],null],[[],null],[[],null],[[],null],[[],null],[[],null],[[],null],[[],null]],"ignore":[],"code":true,"metadata":true,"ast":false,"comments":true,"compact":false,"minified":false,"sourceMap":true,"sourceMaps":true,"sourceMapTarget":"/server/publish - Copy.js.map","sourceFileName":"/server/publish - Copy.js","babelrc":false,"sourceType":"module","moduleIds":false,"passPerPreset":false,"parserOpts":false,"generatorOpts":false,"basename":"publish - Copy"},"ignored":false,"code":"var Meteor;module.import('meteor/meteor',{\"Meteor\":function(v){Meteor=v}});\n\nMeteor.startup(function () {\n  // code to run on server at startup\n});","ast":null,"map":{"version":3,"sources":["/server/publish - Copy.js"],"names":["Meteor","startup"],"mappings":"AAAA,SAASA,MAAT,QAAuB,eAAvB;;AAEAA,OAAOC,OAAP,CAAe,YAAM;AACnB;AACD,CAFD","file":"/server/publish - Copy.js.map","sourcesContent":["import { Meteor } from 'meteor/meteor';\n\nMeteor.startup(() => {\n  // code to run on server at startup\n});\n"]},"hash":"2da944ec70bfab0dac0e2585b3badd96a13ee148"}
