{"metadata":{"usedHelpers":[],"marked":[],"modules":{"imports":[],"exports":{"exported":[],"specifiers":[]}}},"options":{"filename":"/client/controllers/publish.js","filenameRelative":"/client/controllers/publish.js","env":{"development":{"plugins":[]}},"retainLines":false,"highlightCode":true,"suppressDeprecationMessages":false,"presets":[],"plugins":[[[],{"polyfill":false}],[[],null],[[],null],[[],null],[[],null],[[],null],[[],null],[[],null],[[],null],[[],null],[[],null],[[],null],[[],null],[[],null],[[],null],[[],null],[[],{"loose":true}],[[],{"loose":true}],[[],null],[[],{"loose":true}],[[],null],[[],null],[[],null],[[],null],[[],null],[[],null],[[],null],[[],{"loose":true}],[[],null],[[],null],[[],null],[[],null],[[],null],[[],null],[[],null],[[],null]],"ignore":[],"code":true,"metadata":true,"ast":false,"comments":true,"compact":false,"minified":false,"sourceMap":true,"sourceMaps":true,"sourceMapTarget":"/client/controllers/publish.js.map","sourceFileName":"/client/controllers/publish.js","babelrc":false,"sourceType":"module","moduleIds":false,"passPerPreset":false,"parserOpts":false,"generatorOpts":false,"basename":"publish"},"ignored":false,"code":"Meteor.publish('crud', function () {\n\treturn crud.find({});\n});","ast":null,"map":{"version":3,"sources":["/client/controllers/publish.js"],"names":["Meteor","publish","crud","find"],"mappings":"AAAAA,OAAOC,OAAP,CAAe,MAAf,EAAsB,YAAU;AAC/B,QAAOC,KAAKC,IAAL,CAAU,EAAV,CAAP;AACA,CAFD","file":"/client/controllers/publish.js.map","sourcesContent":["Meteor.publish('crud',function(){\n\treturn crud.find({});\n});"]},"hash":"2ff56f714fb7a149c999e7f5afeed712bd761d41"}
