{"metadata":{"usedHelpers":[],"marked":[],"modules":{"imports":[],"exports":{"exported":[],"specifiers":[]}}},"options":{"filename":"/client/controllers/crud.js","filenameRelative":"/client/controllers/crud.js","env":{"development":{"plugins":[]}},"retainLines":false,"highlightCode":true,"suppressDeprecationMessages":false,"presets":[],"plugins":[[[],{"polyfill":false}],[[],null],[[],null],[[],null],[[],null],[[],null],[[],null],[[],null],[[],null],[[],null],[[],null],[[],null],[[],null],[[],null],[[],null],[[],null],[[],{"loose":true}],[[],{"loose":true}],[[],null],[[],{"loose":true}],[[],null],[[],null],[[],null],[[],null],[[],null],[[],null],[[],null],[[],{"loose":true}],[[],null],[[],null],[[],null],[[],null],[[],null],[[],null],[[],null],[[],null]],"ignore":[],"code":true,"metadata":true,"ast":false,"comments":true,"compact":false,"minified":false,"sourceMap":true,"sourceMaps":true,"sourceMapTarget":"/client/controllers/crud.js.map","sourceFileName":"/client/controllers/crud.js","babelrc":false,"sourceType":"module","moduleIds":false,"passPerPreset":false,"parserOpts":false,"generatorOpts":false,"basename":"crud"},"ignored":false,"code":"Template.home.events({\n\t'submit form': function () {\n\t\tfunction submitForm(e) {\n\t\t\te.preventDefault(); //not refresh page\n\t\t\tvar nomor = e.target.nomor.value;\n\t\t\tvar title = e.target.title.value;\n\t\t\tvar pengarang = e.target.pengarang.value;\n\t\t\tvar description = e.target.description.value;\n\t\t\t//alert('Title='+title+','+'description='+description);\n\t\t\tvar obj = {\n\t\t\t\tnomor: nomor,\n\t\t\t\ttitle: title,\n\t\t\t\tpengarang: pengarang,\n\t\t\t\tdescription: description\n\n\t\t\t};\n\t\t\tif (this._id) {\n\t\t\t\tMeteor.call('updateData', this._id, obj); //call method from server to update\n\t\t\t} else {\n\t\t\t\tMeteor.call('insertData', obj); //call method from server to insert\n\t\t\t}\n\t\t\t//alert('insert success');\n\t\t}\n\n\t\treturn submitForm;\n\t}(),\n\t'click #remove': function () {\n\t\tfunction clickRemove(e) {\n\t\t\tcrud.remove(this._id); //remove data from mongodb\n\t\t}\n\n\t\treturn clickRemove;\n\t}()\n});\nTemplate.home.helpers({\n\t//get data from mongodb\n\tgetData: function () {\n\t\tfunction getData() {\n\t\t\treturn crud.find();\n\t\t}\n\n\t\treturn getData;\n\t}()\n});","ast":null,"map":{"version":3,"sources":["/client/controllers/crud.js"],"names":["Template","home","events","e","preventDefault","nomor","target","value","title","pengarang","description","obj","_id","Meteor","call","crud","remove","helpers","getData","find"],"mappings":"AAAAA,SAASC,IAAT,CAAcC,MAAd,CAAqB;AACpB;AAAc,sBAASC,CAAT,EAAW;AACxBA,KAAEC,cAAF,GADwB,CACL;AACnB,OAAIC,QAAMF,EAAEG,MAAF,CAASD,KAAT,CAAeE,KAAzB;AACA,OAAIC,QAAML,EAAEG,MAAF,CAASE,KAAT,CAAeD,KAAzB;AACA,OAAIE,YAAUN,EAAEG,MAAF,CAASG,SAAT,CAAmBF,KAAjC;AACA,OAAIG,cAAYP,EAAEG,MAAF,CAASI,WAAT,CAAqBH,KAArC;AACA;AACA,OAAII,MAAI;AACPN,WAAMA,KADC;AAEPG,WAAMA,KAFC;AAGPC,eAAUA,SAHH;AAIPC,iBAAYA;;AAJL,IAAR;AAOA,OAAG,KAAKE,GAAR,EAAY;AACXC,WAAOC,IAAP,CAAY,YAAZ,EAAyB,KAAKF,GAA9B,EAAkCD,GAAlC,EADW,CAC4B;AACvC,IAFD,MAEK;AACJE,WAAOC,IAAP,CAAY,YAAZ,EAAyBH,GAAzB,EADI,CAC0B;AAC/B;AACA;AAEA;;AArBD;AAAA,IADoB;AAuBpB;AAAgB,uBAASR,CAAT,EAAW;AAC1BY,QAAKC,MAAL,CAAY,KAAKJ,GAAjB,EAD0B,CACJ;AACtB;;AAFD;AAAA;AAvBoB,CAArB;AA2BAZ,SAASC,IAAT,CAAcgB,OAAd,CAAsB;AACrB;AACAC;AAAQ,qBAAU;AACjB,UAAOH,KAAKI,IAAL,EAAP;AACA;;AAFD;AAAA;AAFqB,CAAtB","file":"/client/controllers/crud.js.map","sourcesContent":["Template.home.events({\n\t'submit form':function(e){\n\t\te.preventDefault();//not refresh page\n\t\tvar nomor=e.target.nomor.value;\n\t\tvar title=e.target.title.value;\n\t\tvar pengarang=e.target.pengarang.value;\n\t\tvar description=e.target.description.value;\n\t\t//alert('Title='+title+','+'description='+description);\n\t\tvar obj={\n\t\t\tnomor:nomor,\n\t\t\ttitle:title,\n\t\t\tpengarang:pengarang,\n\t\t\tdescription:description\n\t\t\t\n\t\t}\n\t\tif(this._id){\n\t\t\tMeteor.call('updateData',this._id,obj);//call method from server to update\n\t\t}else{\n\t\t\tMeteor.call('insertData',obj);//call method from server to insert\n\t}\n\t\t//alert('insert success');\n\n\t},\n\t'click #remove':function(e){\n\t\tcrud.remove(this._id);//remove data from mongodb\n\t}\n});\nTemplate.home.helpers({\n\t//get data from mongodb\n\tgetData:function(){\n\t\treturn crud.find();\n\t}\n})"]},"hash":"7c08de05a9195c45fedcd30c618e1e4e5ed7989a"}
