{"metadata":{"usedHelpers":[],"marked":[],"modules":{"imports":[],"exports":{"exported":[],"specifiers":[]}}},"options":{"filename":"/server/crud.js","filenameRelative":"/server/crud.js","env":{"development":{"plugins":[]}},"retainLines":false,"highlightCode":true,"suppressDeprecationMessages":false,"presets":[],"plugins":[[[],{"polyfill":false}],[[],null],[[],null],[[],null],[[],null],[[],null],[[],null],[[],null],[[],null],[[],null],[[],null],[[],null],[[],null],[[],null],[[],null],[[],null],[[],{"loose":true}],[[],{"loose":true}],[[],null],[[],{"loose":true}],[[],null],[[],null],[[],null],[[],null],[[],null],[[],null],[[],null],[[],{"loose":true}],[[],null],[[],null],[[],null],[[],null],[[],null],[[],null],[[],null],[[],null]],"ignore":[],"code":true,"metadata":true,"ast":false,"comments":true,"compact":false,"minified":false,"sourceMap":true,"sourceMaps":true,"sourceMapTarget":"/server/crud.js.map","sourceFileName":"/server/crud.js","babelrc":false,"sourceType":"module","moduleIds":false,"passPerPreset":false,"parserOpts":false,"generatorOpts":false,"basename":"crud"},"ignored":false,"code":"Meteor.methods({\n\tinsertData: function () {\n\t\tfunction insertData(obj) {\n\t\t\tcrud.insert(obj);\n\t\t}\n\n\t\treturn insertData;\n\t}(),\n\tupdateData: function () {\n\t\tfunction updateData(id, obj) {\n\t\t\tcrud.update({ _id: id }, { $set: obj });\n\t\t}\n\n\t\treturn updateData;\n\t}()\n});","ast":null,"map":{"version":3,"sources":["/server/crud.js"],"names":["Meteor","methods","insertData","obj","crud","insert","updateData","id","update","_id","$set"],"mappings":"AAAAA,OAAOC,OAAP,CAAe;AACdC;AAAW,sBAASC,GAAT,EAAa;AACvBC,QAAKC,MAAL,CAAYF,GAAZ;AACA;;AAFD;AAAA,IADc;AAIdG;AAAW,sBAASC,EAAT,EAAYJ,GAAZ,EAAgB;AAC1BC,QAAKI,MAAL,CAAY,EAACC,KAAIF,EAAL,EAAZ,EAAqB,EAACG,MAAKP,GAAN,EAArB;AACA;;AAFD;AAAA;AAJc,CAAf","file":"/server/crud.js.map","sourcesContent":["Meteor.methods({\n\tinsertData:function(obj){\n\t\tcrud.insert(obj);\n\t},\n\tupdateData:function(id,obj){\n\t\tcrud.update({_id:id},{$set:obj});\n\t}\n})"]},"hash":"88e94a7d7a11b9803246fcedf5c0e4312d8b9aad"}
