{"metadata":{"usedHelpers":[],"marked":[],"modules":{"imports":[],"exports":{"exported":[],"specifiers":[]}}},"options":{"filename":"/client/controllers/crud.js","filenameRelative":"/client/controllers/crud.js","env":{"development":{"plugins":[]}},"retainLines":false,"highlightCode":true,"suppressDeprecationMessages":false,"presets":[],"plugins":[[[],{"polyfill":false}],[[],null],[[],null],[[],null],[[],null],[[],null],[[],null],[[],null],[[],null],[[],null],[[],null],[[],null],[[],null],[[],null],[[],null],[[],null],[[],{"loose":true}],[[],{"loose":true}],[[],null],[[],{"loose":true}],[[],null],[[],null],[[],null],[[],null],[[],null],[[],null],[[],null],[[],{"loose":true}],[[],null],[[],null],[[],null],[[],null],[[],null],[[],null],[[],null],[[],null]],"ignore":[],"code":true,"metadata":true,"ast":false,"comments":true,"compact":false,"minified":false,"sourceMap":true,"sourceMaps":true,"sourceMapTarget":"/client/controllers/crud.js.map","sourceFileName":"/client/controllers/crud.js","babelrc":false,"sourceType":"module","moduleIds":false,"passPerPreset":false,"parserOpts":false,"generatorOpts":false,"basename":"crud"},"ignored":false,"code":"Template.home.events({\n\t'submit form': function () {\n\t\tfunction submitForm(e) {\n\t\t\te.preventDefault(); //not refresh page\n\t\t\tvar title = e.target.title.value;\n\t\t\tvar description = e.target.description.value;\n\t\t\t//alert('Title='+title+','+'description='+description);\n\t\t\tvar obj = {\n\t\t\t\ttitle: title,\n\t\t\t\tdescription: description\n\t\t\t};\n\t\t\tMeteor.call('insertData', obj); //call method from server\n\t\t\talert('insert success');\n\t\t}\n\n\t\treturn submitForm;\n\t}()\n});\nTemplate.home.helpers({\n\t//get data from mongodb\n\tgetData: function () {\n\t\tfunction getData() {\n\t\t\treturn crud.find();\n\t\t}\n\n\t\treturn getData;\n\t}()\n});","ast":null,"map":{"version":3,"sources":["/client/controllers/crud.js"],"names":["Template","home","events","e","preventDefault","title","target","value","description","obj","Meteor","call","alert","helpers","getData","crud","find"],"mappings":"AAAAA,SAASC,IAAT,CAAcC,MAAd,CAAqB;AACpB;AAAc,sBAASC,CAAT,EAAW;AACxBA,KAAEC,cAAF,GADwB,CACL;AACnB,OAAIC,QAAMF,EAAEG,MAAF,CAASD,KAAT,CAAeE,KAAzB;AACA,OAAIC,cAAYL,EAAEG,MAAF,CAASE,WAAT,CAAqBD,KAArC;AACA;AACA,OAAIE,MAAI;AACPJ,WAAMA,KADC;AAEPG,iBAAYA;AAFL,IAAR;AAIAE,UAAOC,IAAP,CAAY,YAAZ,EAAyBF,GAAzB,EATwB,CASM;AAC9BG,SAAM,gBAAN;AAEA;;AAZD;AAAA;AADoB,CAArB;AAeAZ,SAASC,IAAT,CAAcY,OAAd,CAAsB;AACrB;AACAC;AAAQ,qBAAU;AACjB,UAAOC,KAAKC,IAAL,EAAP;AACA;;AAFD;AAAA;AAFqB,CAAtB","file":"/client/controllers/crud.js.map","sourcesContent":["Template.home.events({\n\t'submit form':function(e){\n\t\te.preventDefault();//not refresh page\n\t\tvar title=e.target.title.value;\n\t\tvar description=e.target.description.value;\n\t\t//alert('Title='+title+','+'description='+description);\n\t\tvar obj={\n\t\t\ttitle:title,\n\t\t\tdescription:description\n\t\t}\n\t\tMeteor.call('insertData',obj);//call method from server\n\t\talert('insert success');\n\n\t}\n});\nTemplate.home.helpers({\n\t//get data from mongodb\n\tgetData:function(){\n\t\treturn crud.find();\n\t}\n})"]},"hash":"97323446359f3a850b633b8f3f8b09b28a4dd136"}
