{"metadata":{"usedHelpers":[],"marked":[],"modules":{"imports":[],"exports":{"exported":[],"specifiers":[]}}},"options":{"filename":"/lib/router.js","filenameRelative":"/lib/router.js","env":{"development":{"plugins":[]}},"retainLines":false,"highlightCode":true,"suppressDeprecationMessages":false,"presets":[],"plugins":[[[],{"polyfill":false}],[[],null],[[],null],[[],null],[[],null],[[],null],[[],null],[[],null],[[],null],[[],null],[[],null],[[],null],[[],null],[[],null],[[],null],[[],null],[[],{"loose":true}],[[],{"loose":true}],[[],null],[[],{"loose":true}],[[],null],[[],null],[[],null],[[],null],[[],null],[[],null],[[],null],[[],{"loose":true}],[[],null],[[],null],[[],null],[[],null],[[],null],[[],null],[[],null],[[],null]],"ignore":[],"code":true,"metadata":true,"ast":false,"comments":true,"compact":false,"minified":false,"sourceMap":true,"sourceMaps":true,"sourceMapTarget":"/lib/router.js.map","sourceFileName":"/lib/router.js","babelrc":false,"sourceType":"module","moduleIds":false,"passPerPreset":false,"parserOpts":false,"generatorOpts":false,"basename":"router"},"ignored":false,"code":"Router.configure({\n\tlayoutTemplate: 'mainlayout'\n});\nRouter.route('/', {\n\tname: 'home'\n});\nRouter.route('/update/:_id', {\n\tname: 'update',\n\ttemplate: 'home',\n\tdata: function () {\n\t\tfunction data() {\n\t\t\treturn crud.findOne({ _id: this.params._id });\n\t\t}\n\n\t\treturn data;\n\t}()\n});","ast":null,"map":{"version":3,"sources":["/lib/router.js"],"names":["Router","configure","layoutTemplate","route","name","template","data","crud","findOne","_id","params"],"mappings":"AAAAA,OAAOC,SAAP,CAAiB;AAChBC,iBAAe;AADC,CAAjB;AAGAF,OAAOG,KAAP,CAAa,GAAb,EAAiB;AAChBC,OAAK;AADW,CAAjB;AAGAJ,OAAOG,KAAP,CAAa,cAAb,EAA4B;AAC3BC,OAAK,QADsB;AAE3BC,WAAS,MAFkB;AAG3BC;AAAK,kBAAU;AACd,UAAOC,KAAKC,OAAL,CAAa,EAACC,KAAI,KAAKC,MAAL,CAAYD,GAAjB,EAAb,CAAP;AACA;;AAFD;AAAA;AAH2B,CAA5B","file":"/lib/router.js.map","sourcesContent":["Router.configure({\r\n\tlayoutTemplate:'mainlayout'\r\n});\r\nRouter.route('/',{\r\n\tname:'home'\r\n});\r\nRouter.route('/update/:_id',{\r\n\tname:'update',\r\n\ttemplate:'home',\r\n\tdata:function(){\r\n\t\treturn crud.findOne({_id:this.params._id});\r\n\t}\r\n});"]},"hash":"e7b18a73dc3a65f79546e603cac2fe7083517e7a"}
