{"metadata":{"usedHelpers":[],"marked":[],"modules":{"imports":[],"exports":{"exported":[],"specifiers":[]}}},"options":{"filename":"/client/subscribe.js","filenameRelative":"/client/subscribe.js","env":{"development":{"plugins":[]}},"retainLines":false,"highlightCode":true,"suppressDeprecationMessages":false,"presets":[],"plugins":[[[],{"polyfill":false}],[[],null],[[],null],[[],null],[[],null],[[],null],[[],null],[[],null],[[],null],[[],null],[[],null],[[],null],[[],null],[[],null],[[],null],[[],null],[[],{"loose":true}],[[],{"loose":true}],[[],null],[[],{"loose":true}],[[],null],[[],null],[[],null],[[],null],[[],null],[[],null],[[],null],[[],{"loose":true}],[[],null],[[],null],[[],null],[[],null],[[],null],[[],null],[[],null],[[],null]],"ignore":[],"code":true,"metadata":true,"ast":false,"comments":true,"compact":false,"minified":false,"sourceMap":true,"sourceMaps":true,"sourceMapTarget":"/client/subscribe.js.map","sourceFileName":"/client/subscribe.js","babelrc":false,"sourceType":"module","moduleIds":false,"passPerPreset":false,"parserOpts":false,"generatorOpts":false,"basename":"subscribe"},"ignored":false,"code":"Meteor.subscribe(\"crud\");","ast":null,"map":{"version":3,"sources":["/client/subscribe.js"],"names":["Meteor","subscribe"],"mappings":"AAAAA,OAAOC,SAAP,CAAiB,MAAjB","file":"/client/subscribe.js.map","sourcesContent":["Meteor.subscribe(\"crud\");"]},"hash":"e81ebd7085b412cad7707468fe679b0a48f076ad"}
