{"metadata":{"usedHelpers":[],"marked":[],"modules":{"imports":[],"exports":{"exported":[],"specifiers":[]}}},"options":{"filename":"/lib/router.js","filenameRelative":"/lib/router.js","env":{"development":{"plugins":[]}},"retainLines":false,"highlightCode":true,"suppressDeprecationMessages":false,"presets":[],"plugins":[[[],{"polyfill":false}],[[],null],[[],null],[[],null],[[],null],[[],null],[[],null],[[],null],[[],null],[[],null],[[],null],[[],null],[[],null],[[],null],[[],null],[[],null],[[],{"loose":true}],[[],{"loose":true}],[[],null],[[],{"loose":true}],[[],null],[[],null],[[],null],[[],null],[[],null],[[],null],[[],null],[[],{"loose":true}],[[],null],[[],null],[[],null],[[],null],[[],null],[[],null],[[],null],[[],null]],"ignore":[],"code":true,"metadata":true,"ast":false,"comments":true,"compact":false,"minified":false,"sourceMap":true,"sourceMaps":true,"sourceMapTarget":"/lib/router.js.map","sourceFileName":"/lib/router.js","babelrc":false,"sourceType":"module","moduleIds":false,"passPerPreset":false,"parserOpts":false,"generatorOpts":false,"basename":"router"},"ignored":false,"code":"Router.configure({\n\tlayoutTemplate: 'mainlayout'\n});\nRouter.route('/', {\n\tname: 'home'\n});","ast":null,"map":{"version":3,"sources":["/lib/router.js"],"names":["Router","configure","layoutTemplate","route","name"],"mappings":"AAAAA,OAAOC,SAAP,CAAiB;AAChBC,iBAAe;AADC,CAAjB;AAGAF,OAAOG,KAAP,CAAa,GAAb,EAAiB;AAChBC,OAAK;AADW,CAAjB","file":"/lib/router.js.map","sourcesContent":["Router.configure({\r\n\tlayoutTemplate:'mainlayout'\r\n});\r\nRouter.route('/',{\r\n\tname:'home'\r\n});"]},"hash":"e97fff5b04dd600df352e135cc04ccc7f63e203f"}
