{"metadata":{"usedHelpers":[],"marked":[],"modules":{"imports":[],"exports":{"exported":[],"specifiers":[]}}},"options":{"filename":"/lib/collection.js","filenameRelative":"/lib/collection.js","env":{"development":{"plugins":[]}},"retainLines":false,"highlightCode":true,"suppressDeprecationMessages":false,"presets":[],"plugins":[[[],{"polyfill":false}],[[],null],[[],null],[[],null],[[],null],[[],null],[[],null],[[],null],[[],null],[[],null],[[],null],[[],null],[[],null],[[],null],[[],null],[[],null],[[],{"loose":true}],[[],{"loose":true}],[[],null],[[],{"loose":true}],[[],null],[[],null],[[],null],[[],null],[[],null],[[],null],[[],null],[[],{"loose":true}],[[],null],[[],null],[[],null],[[],null],[[],null],[[],null],[[],null],[[],null]],"ignore":[],"code":true,"metadata":true,"ast":false,"comments":true,"compact":false,"minified":false,"sourceMap":true,"sourceMaps":true,"sourceMapTarget":"/lib/collection.js.map","sourceFileName":"/lib/collection.js","babelrc":false,"sourceType":"module","moduleIds":false,"passPerPreset":false,"parserOpts":false,"generatorOpts":false,"basename":"collection"},"ignored":false,"code":"crud = new Meteor.Collection('crud');","ast":null,"map":{"version":3,"sources":["/lib/collection.js"],"names":["crud","Meteor","Collection"],"mappings":"AAAAA,OAAO,IAAIC,OAAOC,UAAX,CAAsB,MAAtB,CAAP","file":"/lib/collection.js.map","sourcesContent":["crud = new Meteor.Collection('crud');"]},"hash":"f3b8d1fef1b0c56b9cabe4239374d14ecb4de153"}
