{"metadata":{"usedHelpers":[],"marked":[],"modules":{"imports":[],"exports":{"exported":[],"specifiers":[]}}},"options":{"filename":"/server/publish.js","filenameRelative":"/server/publish.js","env":{"development":{"plugins":[]}},"retainLines":false,"highlightCode":true,"suppressDeprecationMessages":false,"presets":[],"plugins":[[[],{"polyfill":false}],[[],null],[[],null],[[],null],[[],null],[[],null],[[],null],[[],null],[[],null],[[],null],[[],null],[[],null],[[],null],[[],null],[[],null],[[],null],[[],{"loose":true}],[[],{"loose":true}],[[],null],[[],{"loose":true}],[[],null],[[],null],[[],null],[[],null],[[],null],[[],null],[[],null],[[],{"loose":true}],[[],null],[[],null],[[],null],[[],null],[[],null],[[],null],[[],null],[[],null]],"ignore":[],"code":true,"metadata":true,"ast":false,"comments":true,"compact":false,"minified":false,"sourceMap":true,"sourceMaps":true,"sourceMapTarget":"/server/publish.js.map","sourceFileName":"/server/publish.js","babelrc":false,"sourceType":"module","moduleIds":false,"passPerPreset":false,"parserOpts":false,"generatorOpts":false,"basename":"publish"},"ignored":false,"code":"Meteor.publish('crud', function () {\n\treturn crud.find({});\n});","ast":null,"map":{"version":3,"sources":["/server/publish.js"],"names":["Meteor","publish","crud","find"],"mappings":"AAAAA,OAAOC,OAAP,CAAe,MAAf,EAAuB,YAAW;AACjC,QAAOC,KAAKC,IAAL,CAAU,EAAV,CAAP;AACA,CAFD","file":"/server/publish.js.map","sourcesContent":["Meteor.publish('crud', function (){\n\treturn crud.find({});\n});"]},"hash":"f3d16a2fb0c9687ea5d3b7734b2cfa09392b2af0"}
