{"metadata":{"usedHelpers":[],"marked":[],"modules":{"imports":[{"source":"meteor/templating","imported":["Template"],"specifiers":[{"kind":"named","imported":"Template","local":"Template"}]},{"source":"meteor/reactive-var","imported":["ReactiveVar"],"specifiers":[{"kind":"named","imported":"ReactiveVar","local":"ReactiveVar"}]},{"source":"./main.html","imported":[],"specifiers":[]}],"exports":{"exported":[],"specifiers":[]}}},"options":{"filename":"/main.js","filenameRelative":"/main.js","env":{"development":{"plugins":[]}},"retainLines":false,"highlightCode":true,"suppressDeprecationMessages":false,"presets":[],"plugins":[[[],{"polyfill":false}],[[],null],[[],null],[[],null],[[],null],[[],null],[[],null],[[],null],[[],null],[[],null],[[],null],[[],null],[[],null],[[],null],[[],null],[[],null],[[],{"loose":true}],[[],{"loose":true}],[[],null],[[],{"loose":true}],[[],null],[[],null],[[],null],[[],null],[[],null],[[],null],[[],null],[[],{"loose":true}],[[],null],[[],null],[[],null],[[],null],[[],null],[[],null],[[],null],[[],null]],"ignore":[],"code":true,"metadata":true,"ast":false,"comments":true,"compact":false,"minified":false,"sourceMap":true,"sourceMaps":true,"sourceMapTarget":"/main.js.map","sourceFileName":"/main.js","babelrc":false,"sourceType":"module","moduleIds":false,"passPerPreset":false,"parserOpts":false,"generatorOpts":false,"basename":"main"},"ignored":false,"code":"var Template;module.import('meteor/templating',{\"Template\":function(v){Template=v}});var ReactiveVar;module.import('meteor/reactive-var',{\"ReactiveVar\":function(v){ReactiveVar=v}});module.import('./main.html');\n\n\n\n\nTemplate.hello.onCreated(function () {\n  function helloOnCreated() {\n    // counter starts at 0\n    this.counter = new ReactiveVar(0);\n  }\n\n  return helloOnCreated;\n}());\n\nTemplate.hello.helpers({\n  counter: function () {\n    function counter() {\n      return Template.instance().counter.get();\n    }\n\n    return counter;\n  }()\n});\n\nTemplate.hello.events({\n  'click button': function () {\n    function clickButton(event, instance) {\n      // increment the counter when button is clicked\n      instance.counter.set(instance.counter.get() + 1);\n    }\n\n    return clickButton;\n  }()\n});","ast":null,"map":{"version":3,"sources":["/main.js"],"names":["Template","ReactiveVar","hello","onCreated","helloOnCreated","counter","helpers","instance","get","events","event","set"],"mappings":"AAAA,SAASA,QAAT,QAAyB,mBAAzB;AACA,SAASC,WAAT,QAA4B,qBAA5B;;AAEA,OAAO,aAAP;;AAEAD,SAASE,KAAT,CAAeC,SAAf;AAAyB,WAASC,cAAT,GAA0B;AACjD;AACA,SAAKC,OAAL,GAAe,IAAIJ,WAAJ,CAAgB,CAAhB,CAAf;AACD;;AAHD,SAAkCG,cAAlC;AAAA;;AAKAJ,SAASE,KAAT,CAAeI,OAAf,CAAuB;AACrBD,SADqB;AAAA,uBACX;AACR,aAAOL,SAASO,QAAT,GAAoBF,OAApB,CAA4BG,GAA5B,EAAP;AACD;;AAHoB;AAAA;AAAA,CAAvB;;AAMAR,SAASE,KAAT,CAAeO,MAAf,CAAsB;AACpB,gBADoB;AAAA,yBACLC,KADK,EACEH,QADF,EACY;AAC9B;AACAA,eAASF,OAAT,CAAiBM,GAAjB,CAAqBJ,SAASF,OAAT,CAAiBG,GAAjB,KAAyB,CAA9C;AACD;;AAJmB;AAAA;AAAA,CAAtB","file":"/main.js.map","sourcesContent":["import { Template } from 'meteor/templating';\nimport { ReactiveVar } from 'meteor/reactive-var';\n\nimport './main.html';\n\nTemplate.hello.onCreated(function helloOnCreated() {\n  // counter starts at 0\n  this.counter = new ReactiveVar(0);\n});\n\nTemplate.hello.helpers({\n  counter() {\n    return Template.instance().counter.get();\n  },\n});\n\nTemplate.hello.events({\n  'click button'(event, instance) {\n    // increment the counter when button is clicked\n    instance.counter.set(instance.counter.get() + 1);\n  },\n});\n"]},"hash":"f54af00095d91b30a1f7211e845db328ebb444a9"}
